Date,Is active,Tasks completed,Spend
2026-08-29,0,0,0
2026-08-30,0,0,0
2026-08-31,0,0,0
2026-09-01,0,0,0
2026-09-02,0,0,0
2026-09-03,0,0,0
2026-09-04,0,0,0
2026-09-05,0,0,0
2026-09-06,0,0,0
2026-09-07,0,0,0
2026-09-08,0,0,0
2026-09-09,0,0,0
2026-09-10,0,0,0
2026-09-11,0,0,0
2026-09-12,0,0,0
2026-09-13,0,0,0
2026-09-14,0,0,0
2026-09-15,0,0,0
2026-09-16,0,0,0
2026-09-17,0,0,0
2026-09-18,0,0,0
2026-09-19,0,0,0
2026-09-20,0,0,0
2026-09-21,0,0,0
2026-09-22,0,0,0
2026-09-23,0,0,0
2026-09-24,0,0,0
2026-09-25,0,0,0
2026-09-26,1,5,3.4
2026-09-27,1,28,25.37